"comparison","raw_p_value","bonferroni_p_value"
"1 vs ref",0.000612959602280371,0.00183887880684111
"2 vs ref",0.085153757524013,0.255461272572039
"1 vs 2",0.0291929252294709,0.0875787756884126
