"comparison","raw_p_value","bonferroni_p_value"
"1 vs ref",0.00593684793296197,0.0178105437988859
"2 vs ref",0.0301145057069409,0.0903435171208226
"1 vs 2",0.825930111142715,1
