"condition","n","mean","SE","t_crit","lower","upper"
"3",7,-19.4727131811129,4.34380368422461,2.44691185114497,-30.1016178950893,-8.84380846713653
"1",9,-28.6974421536481,0.0934531758602654,2.30600413520417,-28.9129455636298,-28.4819387436664
"2",12,-22.6742456508061,2.88341661706033,2.20098516009164,-29.0206028353175,-16.3278884662947
