"Coef","beta","SE","null_value","tstat","df_Satt","p_Satt"
"(Intercept)",-15.0294858932495,4.77697998729783,0,-3.14623170564111,4.17699625252234,0.0326317064111348
"condition1",-13.6054265397968,4.77763199428247,0,-2.84773430772374,10.0097069457815,0.0173014415661278
"condition2",-7.40812695821127,5.56964310402781,0,-1.33009006499068,8.84884510696591,0.216749809054084
