"Coef","beta","SE","null_value","tstat","df_Satt","p_Satt"
"(Intercept)",-19.4727131811129,4.3438036842246,0,-4.48287137188818,6,0.00417956458779296
"condition1",-9.22472897253519,4.34480885001419,0,-2.12316106208103,13.0445859872612,0.0534417178328554
"condition2",-3.20153246969322,5.21370519253082,0,-0.614060893638511,12.6869009584664,0.550028160298894
