"Coef","beta","SE","null_value","tstat","df_Satt","p_Satt"
"(Intercept)",-15.960768939444,4.73244761879315,0,-3.37262453282352,4.56900628027587,0.0227911155990621
"condition1",-13.0653610292836,4.73297155699778,0,-2.76049853077317,10.6019417115689,0.019124782909364
"condition2",-6.63212209589924,5.53589474216742,0,-1.19802171189812,9.56574847067892,0.259748849569002
