"Coef","beta","SE","null_value","tstat","df_Satt","p_Satt"
"(Intercept)",-15.7458136351941,4.8026409703278,0,-3.27857396221717,4.61541165276648,0.0247363567052257
"condition1",-12.8931320574498,4.80329189780115,0,-2.68422830254226,10.6735253947177,0.0217561067555195
"condition2",-6.64725180046029,5.59834549745577,0,-1.18736005190841,9.65245863272497,0.263483332401077
