"Coef","beta","SE","null_value","tstat","df_Satt","p_Satt"
"(Intercept)",-15.0294869105021,4.7769795060351,0,-3.14623223556105,4.17699625252234,0.0326316892447849
"condition1",-13.6054255225442,4.77763149618367,0,-2.8477343916985,10.0097069457815,0.0173014390741225
"condition2",-7.40812534049706,5.56964280634074,0,-1.33008984562947,8.84884510696591,0.216749878406364
