"comparison","p_mixed_CR2","p_lm_CR2"
"1 vs 2",0.0299853727616409,0.030526830606377
"1 vs ref",0.00726974447087498,0.00440316563601572
"2 vs ref",0.235085630220411,0.183488670782335
