"comparison","p_mixed_CR2","p_lm_CR2"
"1 vs 2",0.029985376167413,0.0305268353686148
"1 vs ref",0.00726974522644226,0.00440316679776796
"2 vs ref",0.235085537207946,0.183488598515975
