"comparison","p_value","label"
"1 vs ref",0.00726974447087498,"**"
"1 vs 2",0.0299853727616409,"*"
