"comparison","p_value","label"
"1 vs ref",0.0337403576157231,"*"
"1 vs 2",0.0368146821134032,"*"
