"comparison","raw_p_value","bonferroni_p_value"
"1 vs ref",0.029770089803126,0.0893102694093782
"2 vs ref",0.543303754489888,1
"1 vs 2",0.0313960576887502,0.0941881730662507
