"comparison","p_value","label"
"1 vs ref",0.00726974522644226,"**"
"1 vs 2",0.029985376167413,"*"
