"comparison","raw_p_value","bonferroni_p_value"
"1 vs ref",0.00577132175876647,0.0173139652762994
"2 vs ref",0.230908564553107,0.692725693659321
"1 vs 2",0.02515045710991,0.07545137132973
