"Coef","beta","SE","null_value","tstat","df_Satt","p_Satt"
"(Intercept)",0.6276625,0.0995982894601753,0,6.30194055944076,7,0.000403411271367543
"Exp_Condition1",0.172892045454546,0.113923890313024,0,1.51761009020581,15.2412545235223,0.149579864213344
"Exp_Condition2",0.0951682692307692,0.122790491592481,0,0.775045917615637,14.9612277867529,0.450389392994598
